[{
  "version": "1.0",
  "image": {
    "name": "../tmp/179999250999999920819679/aWNvbislMjgxMDgwK3grMTA4MCtweCUyOSslMjgxJTI5.png",
    "permissions": 644,
    "format": "PNG",
    "formatDescription": "Portable Network Graphics",
    "mimeType": "image/png",
    "class": "DirectClass",
    "geometry": {
      "width": 1080,
      "height": 1080,
      "x": 0,
      "y": 0
    },
    "resolution": {
      "x": 37.8,
      "y": 37.8
    },
    "printSize": {
      "x": 28.5714,
      "y": 28.5714
    },
    "units": "PixelsPerCentimeter",
    "type": "TrueColorAlpha",
    "endianness": "Undefined",
    "colorspace": "sRGB",
    "depth": 8,
    "baseDepth": 8,
    "channelDepth": {
      "alpha": 8,
      "red": 8,
      "green": 8,
      "blue": 8
    },
    "pixels": 1166400,
    "imageStatistics": {
      "all": {
        "min": 0,
        "max": 255,
        "mean": 55.1232,
        "standardDeviation": 80.5852,
        "kurtosis": -0.197638,
        "skewness": 1.30082,
        "entropy": 0.715324
      }
    },
    "channelStatistics": {
      "alpha": {
        "min": 255,
        "max": 0,
        "mean": 173.96,
        "standardDeviation": 118.641,
        "kurtosis": -1.38622,
        "skewness": 0.782586,
        "entropy": 0.151053
      },
      "red": {
        "min": 0,
        "max": 12,
        "mean": 3.82936,
        "standardDeviation": 5.5936,
        "kurtosis": -1.39765,
        "skewness": 0.776114,
        "entropy": 0.903415
      },
      "green": {
        "min": 0,
        "max": 183,
        "mean": 58.3978,
        "standardDeviation": 85.3024,
        "kurtosis": -1.39765,
        "skewness": 0.776114,
        "entropy": 0.903415
      },
      "blue": {
        "min": 0,
        "max": 242,
        "mean": 77.2255,
        "standardDeviation": 112.804,
        "kurtosis": -1.39765,
        "skewness": 0.776114,
        "entropy": 0.903415
      }
    },
    "alpha": "#00000000",
    "renderingIntent": "Perceptual",
    "gamma": 0.454545,
    "chromaticity": {
      "redPrimary": {
        "x": 0.64,
        "y": 0.33
      },
      "greenPrimary": {
        "x": 0.3,
        "y": 0.6
      },
      "bluePrimary": {
        "x": 0.15,
        "y": 0.06
      },
      "whitePrimary": {
        "x": 0.3127,
        "y": 0.329
      }
    },
    "backgroundColor": "#FFFFFFFF",
    "borderColor": "#DFDFDFFF",
    "matteColor": "#BDBDBDFF",
    "transparentColor": "#00000000",
    "interlace": "None",
    "intensity": "Undefined",
    "compose": "Over",
    "pageGeometry": {
      "width": 1080,
      "height": 1080,
      "x": 0,
      "y": 0
    },
    "dispose": "Undefined",
    "iterations": 0,
    "compression": "Zip",
    "orientation": "Undefined",
    "properties": {
      "Comment": "xr:d:DAF8IXWp-IQ:6,j:6001464591068674531,t:24020823",
      "date:create": "2024-02-08T23:55:23+00:00",
      "date:modify": "2024-02-08T23:55:23+00:00",
      "date:timestamp": "2024-02-08T23:55:23+00:00",
      "pdf:Author": "Marcos Xavier ",
      "png:IHDR.bit-depth-orig": "8",
      "png:IHDR.bit_depth": "8",
      "png:IHDR.color-type-orig": "6",
      "png:IHDR.color_type": "6 (RGBA)",
      "png:IHDR.interlace_method": "0 (Not interlaced)",
      "png:IHDR.width,height": "1080, 1080",
      "png:pHYs": "x_res=3780, y_res=3780, units=1",
      "png:text": "1 tEXt/zTXt/iTXt chunks were found",
      "signature": "cfec2c961aef37f978b48a249fe43705523cd2bf388da6c0aef2f278f5f83b99",
      "xmp:CreatorTool": "Canva"
    },
    "profiles": {
      "xmp": {
        "length": 1244
      }
    },
    "artifacts": {
      "filename": "../tmp/179999250999999920819679/aWNvbislMjgxMDgwK3grMTA4MCtweCUyOSslMjgxJTI5.png"
    },
    "tainted": false,
    "filesize": "26361B",
    "numberPixels": "1.1664M",
    "pixelsPerSecond": "49.5557MB",
    "userTime": "0.020u",
    "elapsedTime": "0:01.023",
    "version": "ImageMagick 6.9.12-93 Q16 x86_64 17898 https://legacy.imagemagick.org"
  }
}
]