[{
  "version": "1.0",
  "image": {
    "name": "../tmp/179999250999999920819679/NQ==.png",
    "permissions": 644,
    "format": "PNG",
    "formatDescription": "Portable Network Graphics",
    "mimeType": "image/png",
    "class": "DirectClass",
    "geometry": {
      "width": 1080,
      "height": 1080,
      "x": 0,
      "y": 0
    },
    "resolution": {
      "x": 37.8,
      "y": 37.8
    },
    "printSize": {
      "x": 28.5714,
      "y": 28.5714
    },
    "units": "PixelsPerCentimeter",
    "type": "TrueColorAlpha",
    "endianness": "Undefined",
    "colorspace": "sRGB",
    "depth": 8,
    "baseDepth": 8,
    "channelDepth": {
      "alpha": 8,
      "red": 8,
      "green": 8,
      "blue": 8
    },
    "pixels": 1166400,
    "imageStatistics": {
      "all": {
        "min": 0,
        "max": 255,
        "mean": 57.4637,
        "standardDeviation": 81.4579,
        "kurtosis": -0.362011,
        "skewness": 1.23676,
        "entropy": 0.759644
      }
    },
    "channelStatistics": {
      "alpha": {
        "min": 255,
        "max": 0,
        "mean": 170.542,
        "standardDeviation": 119.923,
        "kurtosis": -1.48446,
        "skewness": 0.717278,
        "entropy": 0.285546
      },
      "red": {
        "min": 0,
        "max": 12,
        "mean": 3.99259,
        "standardDeviation": 5.65423,
        "kurtosis": -1.49582,
        "skewness": 0.710054,
        "entropy": 0.917677
      },
      "green": {
        "min": 0,
        "max": 183,
        "mean": 60.887,
        "standardDeviation": 86.227,
        "kurtosis": -1.49582,
        "skewness": 0.710054,
        "entropy": 0.917677
      },
      "blue": {
        "min": 0,
        "max": 242,
        "mean": 80.5173,
        "standardDeviation": 114.027,
        "kurtosis": -1.49582,
        "skewness": 0.710054,
        "entropy": 0.917677
      }
    },
    "alpha": "#00000000",
    "renderingIntent": "Perceptual",
    "gamma": 0.454545,
    "chromaticity": {
      "redPrimary": {
        "x": 0.64,
        "y": 0.33
      },
      "greenPrimary": {
        "x": 0.3,
        "y": 0.6
      },
      "bluePrimary": {
        "x": 0.15,
        "y": 0.06
      },
      "whitePrimary": {
        "x": 0.3127,
        "y": 0.329
      }
    },
    "backgroundColor": "#FFFFFFFF",
    "borderColor": "#DFDFDFFF",
    "matteColor": "#BDBDBDFF",
    "transparentColor": "#00000000",
    "interlace": "None",
    "intensity": "Undefined",
    "compose": "Over",
    "pageGeometry": {
      "width": 1080,
      "height": 1080,
      "x": 0,
      "y": 0
    },
    "dispose": "Undefined",
    "iterations": 0,
    "compression": "Zip",
    "orientation": "Undefined",
    "properties": {
      "Comment": "xr:d:DAF8IXWp-IQ:4,j:8270152902033529309,t:24020823",
      "date:create": "2024-02-08T23:53:48+00:00",
      "date:modify": "2024-02-08T23:53:48+00:00",
      "date:timestamp": "2024-02-08T23:53:48+00:00",
      "pdf:Author": "Marcos Xavier ",
      "png:IHDR.bit-depth-orig": "8",
      "png:IHDR.bit_depth": "8",
      "png:IHDR.color-type-orig": "6",
      "png:IHDR.color_type": "6 (RGBA)",
      "png:IHDR.interlace_method": "0 (Not interlaced)",
      "png:IHDR.width,height": "1080, 1080",
      "png:pHYs": "x_res=3780, y_res=3780, units=1",
      "png:text": "1 tEXt/zTXt/iTXt chunks were found",
      "signature": "a94459e326c7f406b53f98db81a0f52f6b5543388f8f969c6190b53fef8db2f5",
      "xmp:CreatorTool": "Canva"
    },
    "profiles": {
      "xmp": {
        "length": 1244
      }
    },
    "artifacts": {
      "filename": "../tmp/179999250999999920819679/NQ==.png"
    },
    "tainted": false,
    "filesize": "13686B",
    "numberPixels": "1.1664M",
    "pixelsPerSecond": "52.3906MB",
    "userTime": "0.020u",
    "elapsedTime": "0:01.022",
    "version": "ImageMagick 6.9.12-93 Q16 x86_64 17898 https://legacy.imagemagick.org"
  }
}
]